lemma,lemma_freq,n_surface_forms,surface_forms,fobs_rank,fobs_bin
the,9819942513,1,the,1,1
of,6162371881,1,of,2,1
be,5630024175,8,"am, are, be, been, being",3,1
and,4873010095,1,and,4,1
a,4353573969,2,"a, as",5,1
to,4223327232,1,to,6,1
in,3271087682,1,in,7,1
that,1746480437,1,that,8,1
have,1510299857,4,"had, has, have, having",9,1
for,1388290219,1,for,10,1
it,1195878086,2,"it, its",11,1
with,1110064802,1,with,12,1
not,1006314753,1,not,13,1
on,993594775,1,on,14,1
i,926120510,1,i,15,1
by,877228367,1,by,16,1
or,793525686,1,or,17,1
from,708532803,1,from,18,1
at,654432238,1,at,19,1
his,632876249,1,his,20,1
he,610944752,1,he,21,1
this,599554050,1,this,22,1
do,588568299,5,"did, do, does, doing, done",23,1
you,578117187,1,you,24,1
an,576832090,1,an,25,1
which,508000647,1,which,26,1
their,438887121,1,their,27,1
but,422070748,1,but,28,1
they,418953705,1,they,29,1
can,416290431,1,can,30,1
her,415597541,1,her,31,1
one,414987663,2,"one, ones",32,1
all,374139462,1,all,33,1
we,340770885,1,we,34,1
more,329429635,1,more,35,1
would,319551796,1,would,36,1
make,317717186,3,"made, make, making",37,1
will,314222543,1,will,38,1
use,312632593,2,"use, used",39,1
time,297155142,2,"time, times",40,1
who,294018466,1,who,41,1
say,282851250,4,"said, say, saying, says",42,1
other,281661595,1,other,43,1
she,278699382,1,she,44,1
about,265782619,1,about,45,1
into,254637739,1,into,46,1
so,252284174,1,so,47,1
when,249000060,1,when,48,1
than,248883542,1,than,49,1
also,248861077,1,also,50,1
there,243799443,1,there,51,1
out,242417228,1,out,52,1
them,240201864,1,them,53,1
no,236436100,1,no,54,1
up,232348461,1,up,55,1
if,232130093,1,if,56,1
may,231873651,1,may,57,1
my,230745730,1,my,58,1
him,230330497,1,him,59,1
only,224965302,1,only,60,1
take,223298202,5,"take, taken, takes, taking, took",61,1
what,218817723,1,what,62,1
some,212953941,1,some,63,1
these,212323984,1,these,64,1
such,209032143,1,such,65,1
see,208637501,3,"see, seeing, seen",66,1
could,205904563,1,could,67,1
your,205261264,1,your,68,1
two,201126338,1,two,69,1
me,196933753,1,me,70,1
go,196214962,4,"go, going, gone, went",71,1
year,189079305,2,"year, years",72,1
well,183588617,2,"better, well",73,1
any,178544323,1,any,74,1
like,174178665,2,"like, liked",75,1
first,172429084,1,first,76,1
most,165240742,1,most,77,1
give,164574892,3,"gave, give, given",78,1
our,162647972,1,our,79,1
over,162192656,1,over,80,1
then,161019392,1,then,81,1
know,160350540,3,"know, knowing, known",82,1
should,157257237,1,should,83,1
come,151064955,3,"came, come, coming",84,1
people,149869947,1,people,85,1
get,148076607,3,"get, getting, got",86,1
through,147254130,1,through,87,1
even,142969711,2,"even, evening",88,1
new,140488451,1,new,89,1
many,138917121,1,many,90,1
because,136741894,1,because,91,1
where,136128991,1,where,92,1
very,134366972,1,very,93,1
day,133496460,1,day,94,1
way,133443039,1,way,95,1
those,131352362,1,those,96,1
after,131123106,1,after,97,1
how,128607031,1,how,98,1
must,124852809,1,must,99,1
each,121902893,1,each,100,1
case,121845110,2,"case, cases",101,1
high,121634279,3,"high, higher, highest",102,1
look,121177000,3,"look, looked, looking",103,1
life,120194864,1,life,104,1
same,119751381,1,same,105,1
own,117036291,2,"own, owned",106,1
much,116385957,1,much,107,1
both,116011743,1,both,108,1
before,114226587,1,before,109,1
just,113263289,1,just,110,1
now,112827853,1,now,111,1
back,109397117,2,"back, backs",112,1
u,108913586,1,us,113,1
number,106048807,2,"number, numbers",114,1
call,101702070,2,"call, called",115,1
good,99518711,1,good,116,1
under,99197859,1,under,117,1
down,98751710,1,down,118,1
example,98399813,2,"example, examples",119,1
great,98296587,2,"great, greater",120,1
become,97718316,2,"became, become",121,1
hand,97482456,3,"hand, handed, hands",122,1
man,97465290,1,man,123,1
place,97028410,2,"place, placed",124,1
form,96082668,2,"form, forms",125,1
long,95494675,1,long,126,1
different,94725345,1,different,127,1
think,94050466,3,"think, thinking, thinks",128,1
study,94003586,1,studied,129,1
want,92766675,2,"want, wanted",130,1
thing,92730849,2,"thing, things",131,1
american,92613287,1,american,132,1
part,92088752,1,part,133,1
problem,91593391,2,"problem, problems",134,1
right,91408680,1,right,135,1
world,90456522,1,world,136,1
found,90450272,2,"found, founded",137,1
might,86236716,1,might,138,1
large,84286338,2,"large, larger",139,1
without,84166493,1,without,140,1
while,83722224,1,while,141,1
during,83487480,1,during,142,1
another,83344110,1,another,143,1
old,83115047,3,"old, older, oldest",144,1
still,82706155,1,still,145,1
term,82155579,1,term,146,1
too,82143809,1,too,147,1
small,81211884,1,small,148,1
include,80918403,1,including,149,1
against,79033828,1,against,150,1
little,78900753,2,"little, littlest",151,1
name,78081758,3,"name, named, names",152,1
important,77762315,1,important,153,1
here,77002046,1,here,154,1
ask,76175350,3,"ask, asked, asking",155,1
de,75082133,1,de,156,1
thought,74839780,2,"thought, thoughts",157,1
never,74546406,1,never,158,1
end,74524696,2,"end, ended",159,1
often,74180388,1,often,160,1
off,72362056,1,off,161,1
order,71575698,1,order,162,1
help,71127541,3,"help, helped, helping",163,1
set,70534745,1,set,164,1
line,70483116,2,"line, lines",165,1
book,69504877,2,"book, books",166,1
power,69017913,1,power,167,2
low,68566060,2,"low, lower",168,2
point,68533138,1,point,169,2
university,67931680,1,university,170,2
data,67806624,1,data,171,2
cannot,66819566,1,cannot,172,2
around,66671286,1,around,173,2
show,65386825,2,"show, shows",174,2
left,65369345,1,left,175,2
body,64964918,2,"bodies, body",176,2
few,64575815,1,few,177,2
again,64543110,1,again,178,2
water,64469088,1,water,179,2
however,63540861,1,however,180,2
upon,63368120,1,upon,181,2
state,63197335,2,"stated, states",182,2
every,63144706,1,every,183,2
turn,62396291,2,"turn, turned",184,2
begin,61880625,2,"began, beginning",185,2
try,61411758,3,"tried, try, trying",186,2
always,61220587,1,always,187,2
fact,61142902,1,fact,188,2
last,61063522,2,"last, lasting",189,2
government,59840428,1,government,190,2
child,59800335,2,"child, children",191,2
find,59792457,1,find,192,2
seem,59462547,2,"seemed, seems",193,2
side,58627724,1,side,194,2
since,58545854,1,since,195,2
home,58425147,1,home,196,2
eye,57974417,2,"eye, eyes",197,2
possible,57560669,1,possible,198,2
report,57215808,3,"report, reported, reports",199,2
away,56906743,1,away,200,2
among,56872364,1,among,201,2
second,56709426,1,second,202,2
others,56694406,1,others,203,2
something,56397999,1,something,204,2
love,55922452,3,"love, loved, loving",205,2
condition,55885204,2,"condition, conditions",206,2
rather,55879237,1,rather,207,2
later,55784164,1,later,208,2
head,55363876,2,"head, heads",209,2
law,54997976,1,law,210,2
understand,54921162,1,understand,211,2
open,54864158,2,"open, opened",212,2
early,54812804,1,early,213,2
united,54810382,1,united,214,2
until,54630510,1,until,215,2
person,54204685,1,person,216,2
change,54054364,2,"changed, changes",217,2
general,53763610,2,"general, generals",218,2
program,53555288,2,"program, programs",219,2
face,52868252,2,"face, faced",220,2
though,52696046,1,though,221,2
present,52582897,1,present,222,2
cause,52479830,2,"caused, causing",223,2
feel,51875657,2,"feel, feeling",224,2
several,51680241,1,several,225,2
require,51599540,1,required,226,2
reason,51273880,1,reason,227,2
himself,51056413,1,himself,228,2
best,50874818,1,best,229,2
group,50509409,2,"group, groups",230,2
far,50059082,1,far,231,2
school,49507062,1,school,232,2
put,49376612,1,put,233,2
per,49354567,1,per,234,2
four,49087752,1,four,235,2
whether,49005576,1,whether,236,2
market,48590392,2,"market, markets",237,2
least,48582456,1,least,238,2
word,48067530,1,words,239,2
land,47969189,4,"land, landed, landing, lands",240,2
next,47961300,1,next,241,2
above,47783304,1,above,242,2
party,47502158,2,"parties, party",243,2
light,47286016,2,"light, lights",244,2
field,47010585,2,"field, fields",245,2
question,46827229,2,"question, questioned",246,2
sense,46559764,2,"sense, sensed",247,2
period,46472774,1,period,248,2
local,45798436,2,"local, locals",249,2
result,45374035,1,result,250,2
close,45109809,2,"close, closed",251,2
believe,45100908,2,"believe, believed",252,2
shall,44913437,1,shall,253,2
view,44626238,1,view,254,2
once,44407851,1,once,255,2
mother,44388640,2,"mother, mothers",256,2
economic,44242546,1,economic,257,2
move,44221795,2,"move, moved",258,2
research,44020920,1,research,259,2
together,43957560,1,together,260,2
told,43901950,1,told,261,2
interest,43819697,1,interest,262,2
start,43817930,2,"start, started",263,2
certain,43746770,1,certain,264,2
nature,43505346,1,nature,265,2
live,43046728,1,lived,266,2
tell,42840836,2,"tell, telling",267,2
whole,42803829,1,whole,268,2
young,42619892,1,young,269,2
century,42601730,1,century,270,2
room,42569269,1,room,271,2
object,42531704,1,object,272,2
able,42495598,1,able,273,2
involve,42405129,2,"involved, involving",274,2
enough,42301468,1,enough,275,2
type,42273715,1,type,276,2
rate,42059875,1,rate,277,2
along,41977332,1,along,278,2
themselves,41765392,1,themselves,279,2
hour,41752051,1,hour,280,2
event,41639538,2,"event, events",281,2
remain,41009380,2,"remained, remaining",282,2
account,40876327,2,"account, accounts",283,2
already,40871799,1,already,284,2
almost,40784201,1,almost,285,2
knowledge,40687619,1,knowledge,286,2
run,40563278,2,"run, running",287,2
real,40475381,1,real,288,2
position,40450148,1,position,289,2
yet,39957037,1,yet,290,2
full,39841263,1,full,291,2
ever,39805996,1,ever,292,2
im,39638273,1,im,293,2
free,39192789,1,free,294,2
appear,38921406,2,"appear, appeared",295,2
carry,38731449,3,"carried, carry, carrying",296,2
die,38488669,3,"die, died, dying",297,2
clear,38464022,1,clear,298,2
nothing,38429085,1,nothing,299,2
consider,38186219,2,"considered, considering",300,2
let,37976262,1,let,301,2
white,37948322,1,white,302,2
various,37597647,1,various,303,2
night,37510529,1,night,304,2
why,37439826,1,why,305,2
father,37245167,1,father,306,2
knew,37182349,1,knew,307,2
true,37153771,1,true,308,2
money,37145420,1,money,309,2
really,36961130,1,really,310,2
saw,36746641,1,saw,311,2
percent,36620745,1,percent,312,2
subject,36611667,1,subject,313,2
matter,36582008,1,matter,314,2
movement,36498084,1,movements,315,2
keep,36377158,2,"keep, keeps",316,2
text,36367904,2,"text, texts",317,2
half,36278645,1,half,318,2
past,36197622,1,past,319,2
felt,35889439,1,felt,320,2
similar,35543195,1,similar,321,2
held,35236312,1,held,322,2
short,35215395,1,short,323,2
price,35172704,2,"price, prices",324,2
add,35134992,1,added,325,2
establish,34962087,1,established,326,2
future,34678665,2,"future, futures",327,2
thus,34621166,1,thus,328,2
issue,34446824,2,"issue, issued",329,2
black,34294950,1,black,330,2
although,34293908,1,although,331,2
fall,33940476,4,"fall, fallen, falling, falls",332,2
week,33807651,2,"week, weeks",333,3
across,33682916,1,across,334,3
value,33608259,1,values,335,3
occur,33313988,1,occurred,336,3
mean,33028765,1,mean,337,3
toward,32888621,1,toward,338,3
city,32761553,1,city,339,3
heart,32678215,1,heart,340,3
idea,32654099,1,idea,341,3
related,32471782,1,related,342,3
quite,32424104,1,quite,343,3
effect,32198969,1,effects,344,3
answer,32110679,2,"answer, answered",345,3
walk,32004122,2,"walked, walking",346,3
note,31861647,2,"note, notes",347,3
likely,31832191,1,likely,348,3
story,31595058,1,story,349,3
sound,31566734,2,"sound, sounded",350,3
practice,31369864,1,practice,351,3
british,31315885,1,british,352,3
air,31277584,1,air,353,3
cost,31212232,1,cost,354,3
receive,31118044,2,"received, receiving",355,3
voice,30750081,1,voice,356,3
material,30705891,1,material,357,3
special,30132933,2,"special, specials",358,3
difficult,29966493,1,difficult,359,3
anything,29918715,1,anything,360,3
play,29832939,1,play,361,3
suggest,29775349,1,suggested,362,3
food,29768787,1,food,363,3
culture,29727119,1,culture,364,3
brought,29618021,1,brought,365,3
described,29601923,1,described,366,3
living,29569532,1,living,367,3
main,29437798,1,main,368,3
girl,29397378,2,"girl, girls",369,3
house,29316743,2,"house, houses",370,3
stand,29283752,2,"stand, standing",371,3
lose,29215478,2,"losing, lost",372,3
need,29198561,1,needed,373,3
situation,29153658,1,situation,374,3
moment,29123824,1,moment,375,3
late,29067082,1,late,376,3
response,28758864,1,response,377,3
outside,28641062,1,outside,378,3
behind,28598426,1,behind,379,3
risk,28582434,1,risk,380,3
strong,28509360,1,strong,381,3
door,28468168,1,door,382,3
simply,28445238,1,simply,383,3
court,28250928,1,court,384,3
stop,28123721,2,"stop, stopped",385,3
bring,28089997,2,"bring, bringing",386,3
longer,28040212,1,longer,387,3
perhaps,27788792,1,perhaps,388,3
particularly,27491414,1,particularly,389,3
level,27247134,1,levels,390,3
decision,27152106,1,decision,391,3
bad,27105940,2,"bad, worse",392,3
near,26915276,1,near,393,3
soon,26497323,1,soon,394,3
heard,26357604,1,heard,395,3
french,26321301,1,french,396,3
top,26274935,1,top,397,3
trade,26244446,1,trade,398,3
boy,26025270,2,"boy, boys",399,3
big,25967171,2,"big, bigger",400,3
month,25863713,1,months,401,3
job,25803539,1,job,402,3
accord,25603011,2,"accord, according",403,3
decide,25592323,2,"decide, decided",404,3
below,25562587,1,below,405,3
generally,25469457,1,generally,406,3
simple,25423655,1,simple,407,3
source,25399984,1,source,408,3
ground,25370252,1,ground,409,3
parent,25278253,1,parents,410,3
cut,25054366,2,"cut, cutting",411,3
income,24966740,1,income,412,3
alone,24587884,1,alone,413,3
fear,24384704,3,"fear, feared, fears",414,3
office,24308787,1,office,415,3
military,24266208,1,military,416,3
north,24140988,1,north,417,3
sell,24063937,3,"sell, selling, sold",418,3
wife,24047871,1,wife,419,3
poor,24040312,1,poor,420,3
reach,23969373,2,"reached, reaching",421,3
rest,23781741,1,rest,422,3
follow,23689125,1,followed,423,3
rise,23658110,2,"rise, rose",424,3
act,23543949,1,act,425,3
nor,23501188,1,nor,426,3
enter,23478542,2,"enter, entered",427,3
today,23436226,1,today,428,3
else,23413085,1,else,429,3
modern,23333779,1,modern,430,3
foot,23073556,1,feet,431,3
complete,23000029,1,complete,432,3
friend,22974473,1,friends,433,3
continue,22965798,1,continue,434,3
pay,22850702,1,pay,435,3
original,22804125,1,original,436,3
europe,22628420,1,europe,437,3
everything,22592480,1,everything,438,3
individual,22589212,1,individuals,439,3
figure,22558429,2,"figure, figured",440,3
actually,22550287,1,actually,441,3
rule,22483902,1,rule,442,3
piece,22420191,1,piece,443,3
stage,22343407,1,stage,444,3
region,22280073,1,region,445,3
limited,22223315,1,limited,446,3
create,22166125,1,created,447,3
lord,22162117,1,lord,448,3
basic,22140233,1,basic,449,3
church,22128712,1,church,450,3
morning,22128226,1,morning,451,3
someone,22087220,1,someone,452,3
visit,22045480,3,"visit, visited, visiting",453,3
hundred,22030525,2,"hundred, hundreds",454,3
expect,21880269,1,expected,455,3
message,21852776,3,"message, messages, messaging",456,3
million,21837221,1,million,457,3
demand,21709193,2,"demand, demanded",458,3
presence,21692148,1,presence,459,3
final,21602425,1,final,460,3
positive,21509569,1,positive,461,3
status,21483011,1,status,462,3
england,21443938,1,england,463,3
lot,21269989,1,lot,464,3
truth,21212229,1,truth,465,3
music,21118941,1,music,466,3
sent,21109114,1,sent,467,3
publish,21084592,1,published,468,3
town,21082393,1,town,469,3
write,20759269,1,wrote,470,3
expression,20601318,1,expression,471,3
contract,20489826,3,"contract, contracted, contracts",472,3
fire,20358097,1,fire,473,3
primary,20241884,1,primary,474,3
towards,20140341,1,towards,475,3
june,20075593,1,june,476,3
herself,20074494,1,herself,477,3
middle,19971508,1,middle,478,3
brother,19963734,2,"brother, brothers",479,3
kept,19944712,1,kept,480,3
minute,19913825,1,minutes,481,3
car,19890198,1,car,482,3
conduct,19823843,2,"conduct, conducted",483,3
pain,19787856,1,pain,484,3
inside,19763820,1,inside,485,3
smile,19659169,3,"smile, smiled, smiling",486,3
yes,19605775,1,yes,487,3
meet,19601213,1,meet,488,3
thousand,19539335,2,"thousand, thousands",489,3
variety,19492489,2,"varieties, variety",490,3
choice,19468150,1,choice,491,3
myself,19447387,1,myself,492,3
instead,19406033,1,instead,493,3
ten,19239259,1,ten,494,3
red,19233374,1,red,495,3
sit,19183751,2,"sit, sitting",496,3
solution,19087669,1,solution,497,3
meeting,18991526,1,meeting,498,3
grow,18974497,2,"grew, grow",499,4
wide,18934643,1,wide,500,4
kill,18838145,2,"kill, killed",501,4
learn,18725006,1,learn,502,4
hear,18622526,1,hear,503,4
met,18391232,1,met,504,4
extent,18293383,1,extent,505,4
july,18277074,1,july,506,4
easy,18267075,1,easy,507,4
notice,18229359,2,"notice, noticed",508,4
quickly,18146835,1,quickly,509,4
cover,18122702,2,"cover, covering",510,4
dead,18094749,1,dead,511,4
instance,18016127,1,instance,512,4
allow,17955384,1,allowed,513,4
street,17889349,2,"street, streets",514,4
task,17857915,1,task,515,4
drop,17707105,3,"drop, dropped, drops",516,4
april,17677275,1,april,517,4
dark,17668371,1,dark,518,4
indeed,17667180,1,indeed,519,4
style,17652570,1,style,520,4
highly,17644939,1,highly,521,4
easily,17543865,1,easily,522,4
stood,17437380,1,stood,523,4
author,17424357,1,author,524,4
paid,17418963,1,paid,525,4
popular,17347904,1,popular,526,4
bed,17264116,1,bed,527,4
finally,17208239,1,finally,528,4
obtain,17042186,1,obtained,529,4
watch,16811317,2,"watch, watching",530,4
earth,16796169,1,earth,531,4
effort,16657004,1,effort,532,4
failure,16636624,1,failure,533,4
wall,16611174,1,wall,534,4
hair,16590025,1,hair,535,4
strength,16565468,1,strength,536,4
serious,16553118,1,serious,537,4
suppose,16491706,2,"suppose, supposed",538,4
window,16418243,1,window,539,4
september,16292384,1,september,540,4
remains,16274457,1,remains,541,4
january,16220794,1,january,542,4
horse,16092626,1,horse,543,4
ready,16067422,1,ready,544,4
release,16054776,2,"release, released",545,4
actual,16047083,1,actual,546,4
arm,15980830,1,arms,547,4
successful,15958427,1,successful,548,4
ago,15950013,1,ago,549,4
internal,15832625,1,internal,550,4
sea,15805476,1,sea,551,4
floor,15763266,1,floor,552,4
picture,15757363,1,picture,553,4
professional,15752421,1,professional,554,4
nearly,15730154,1,nearly,555,4
medium,15729852,1,media,556,4
post,15719371,1,post,557,4
offer,15628242,1,offered,558,4
fine,15623119,1,fine,559,4
certainly,15468602,1,certainly,560,4
sort,15450103,1,sort,561,4
lie,15228759,2,"lies, lying",562,4
fully,15213503,1,fully,563,4
meant,15115492,1,meant,564,4
majority,15101239,1,majorities,565,4
stay,15085046,1,stay,566,4
cold,14949741,1,cold,567,4
charles,14871871,1,charles,568,4
completely,14829586,1,completely,569,4
sat,14799021,1,sat,570,4
o,14670016,1,o,571,4
wait,14619384,2,"wait, waited",572,4
november,14535630,1,november,573,4
avoid,14527295,1,avoid,574,4
identify,14492759,1,identified,575,4
everyone,14473465,1,everyone,576,4
anyone,14355821,1,anyone,577,4
round,14284199,1,round,578,4
mile,14192801,1,miles,579,4
doubt,14188519,1,doubt,580,4
rock,14134104,2,"rock, rocks",581,4
balance,14110170,1,balance,582,4
soviet,14092223,1,soviet,583,4
conclusion,14061229,2,"conclusion, conclusions",584,4
propose,14002097,1,proposed,585,4
neither,14001676,1,neither,586,4
stone,13857725,2,"stone, stones",587,4
san,13788000,1,san,588,4
daughter,13702865,1,daughter,589,4
disorder,13627140,1,disorder,590,4
shape,13600507,1,shape,591,4
sister,13596557,2,"sister, sisters",592,4
understood,13568850,1,understood,593,4
lay,13552915,1,lay,594,4
connection,13490410,1,connection,595,4
board,13482309,1,board,596,4
enjoy,13474523,2,"enjoy, enjoyed",597,4
chance,13447740,1,chance,598,4
heavy,13424014,1,heavy,599,4
argue,13396001,2,"argued, arguing",600,4
press,13390537,1,press,601,4
blue,13285921,1,blue,602,4
mouth,13275186,1,mouth,603,4
king,13253011,1,king,604,4
star,13206597,3,"star, stared, staring",605,4
collection,13163156,1,collection,606,4
unless,13150478,1,unless,607,4
february,13102292,1,february,608,4
played,13062452,1,played,609,4
summer,13037148,1,summer,610,4
introduce,12941807,1,introduced,611,4
green,12917565,1,green,612,4
beautiful,12851183,1,beautiful,613,4
claim,12835191,1,claims,614,4
soul,12819375,1,soul,615,4
shoulder,12732984,1,shoulders,616,4
description,12722779,1,description,617,4
tree,12681082,1,trees,618,4
pull,12657200,2,"pulled, pulling",619,4
explain,12566891,1,explained,620,4
request,12558172,2,"request, requests",621,4
sun,12492350,1,sun,622,4
rich,12456985,1,rich,623,4
bank,12431371,1,bank,624,4
fell,12415770,1,fell,625,4
fill,12364416,1,filled,626,4
maintain,12314211,1,maintain,627,4
age,12288870,1,age,628,4
worth,12274006,1,worth,629,4
scene,12232135,1,scene,630,4
arrive,12208049,1,arrived,631,4
happy,12121639,1,happy,632,4
sleep,12082335,1,sleep,633,4
fish,12018637,2,"fish, fishes",634,4
mountain,12001607,2,"mountain, mountains",635,4
leave,11955888,1,leaving,636,4
wood,11955483,2,"wood, woods",637,4
formal,11940654,1,formal,638,4
onto,11889539,1,onto,639,4
locate,11818537,1,located,640,4
recently,11702311,1,recently,641,4
hold,11695702,1,holding,642,4
fast,11581233,1,fast,643,4
test,11483917,1,tests,644,4
signal,11412767,1,signal,645,4
chair,11403911,2,"chair, chairs",646,4
realize,11390177,1,realizing,647,4
couple,11386681,1,couple,648,4
ran,11331563,1,ran,649,4
machine,11313867,1,machine,650,4
leaf,11306879,1,leaves,651,4
thirty,11266853,2,"thirties, thirty",652,4
drawn,11256498,1,drawn,653,4
background,11241036,1,background,654,4
achieve,11214067,1,achieve,655,4
bird,11185623,2,"bird, birds",656,4
flower,11177270,3,"flower, flowering, flowers",657,4
baby,11074167,1,baby,658,4
appearance,11013949,1,appearance,659,4
spoke,11008911,1,spoke,660,4
seat,10975502,2,"seat, seated",661,4
audience,10967125,1,audience,662,4
corner,10957482,2,"corner, corners",663,4
mexico,10951300,1,mexico,664,4
fly,10885324,3,"flies, fly, flying",665,5
slowly,10859756,1,slowly,666,5
imagine,10850261,1,imagined,667,5
wind,10825311,1,wind,668,5
slow,10787631,2,"slow, slowed",669,5
buy,10703771,1,buy,670,5
ear,10696107,2,"ear, ears",671,5
combination,10668310,1,combination,672,5
master,10649270,1,master,673,5
straight,10602691,1,straight,674,5
information,10601544,1,information,675,5
phone,10537598,1,phone,676,5
sought,10466942,1,sought,677,5
suddenly,10432550,1,suddenly,678,5
dry,10398401,1,dry,679,5
perform,10367531,1,perform,680,5
competition,10329180,1,competition,681,5
television,10312204,1,television,682,5
store,10270499,1,store,683,5
carefully,10230063,1,carefully,684,5
fair,10168232,1,fair,685,5
discover,10134571,1,discovered,686,5
shot,10073717,1,shot,687,5
annual,10029078,1,annual,688,5
safe,10018666,1,safe,689,5
secondary,10003804,1,secondary,690,5
purchase,9902630,2,"purchase, purchases",691,5
increasingly,9891935,1,increasingly,692,5
severe,9854989,1,severe,693,5
square,9853529,1,square,694,5
mid,9851397,1,mid,695,5
chosen,9821287,1,chosen,696,5
minimum,9813077,1,minimum,697,5
trouble,9674701,1,trouble,698,5
bar,9621120,1,bar,699,5
sight,9606496,1,sight,700,5
brown,9564348,1,brown,701,5
combine,9485910,1,combined,702,5
hit,9467805,1,hit,703,5
fresh,9401087,1,fresh,704,5
widely,9397908,1,widely,705,5
broken,9395520,1,broken,706,5
ideal,9395146,1,ideal,707,5
pretty,9374625,1,pretty,708,5
famous,9360112,1,famous,709,5
subsequent,9257747,1,subsequent,710,5
screen,9231682,1,screen,711,5
document,9219329,1,documents,712,5
direct,9211710,1,directed,713,5
witness,9188264,2,"witness, witnesses",714,5
willing,9182351,1,willing,715,5
agree,9151314,1,agree,716,5
nine,9145840,1,nine,717,5
reply,9141323,1,replied,718,5
forest,9078094,1,forest,719,5
regard,9025301,1,regarded,720,5
solid,9023598,1,solid,721,5
iron,9018328,1,iron,722,5
finish,8993459,1,finished,723,5
record,8986854,1,recorded,724,5
hall,8981738,1,hall,725,5
false,8965826,1,false,726,5
secret,8933332,1,secret,727,5
warm,8890485,1,warm,728,5
possibly,8857661,1,possibly,729,5
narrative,8853574,1,narrative,730,5
capable,8807187,1,capable,731,5
psychological,8707142,1,psychological,732,5
nuclear,8685357,1,nuclear,733,5
unable,8683177,1,unable,734,5
army,8591041,1,army,735,5
introduction,8578633,1,introduction,736,5
prove,8557322,1,prove,737,5
apparently,8551823,1,apparently,738,5
rapidly,8534482,1,rapidly,739,5
apart,8514887,1,apart,740,5
refer,8430029,1,refer,741,5
cry,8417576,2,"cried, crying",742,5
closer,8390061,1,closer,743,5
despite,8358374,1,despite,744,5
profit,8308084,1,profit,745,5
generate,8249792,1,generated,746,5
season,8243351,1,season,747,5
match,8221736,2,"match, matches",748,5
theory,8195005,1,theories,749,5
specifically,8183969,1,specifically,750,5
ice,8173957,1,ice,751,5
resolve,8146156,2,"resolve, resolved",752,5
claimed,8138532,1,claimed,753,5
advance,8091306,1,advance,754,5
maybe,8076865,1,maybe,755,5
ignore,8060523,1,ignored,756,5
clean,8058996,1,clean,757,5
payment,8039886,1,payment,758,5
absolute,8009591,1,absolute,759,5
join,7989363,1,join,760,5
argument,7973275,1,arguments,761,5
scheme,7912043,1,scheme,762,5
noise,7880836,1,noise,763,5
pair,7856480,1,pair,764,5
article,7847267,1,articles,765,5
wonder,7823541,2,"wondered, wondering",766,5
engage,7793318,1,engaged,767,5
experimental,7782812,1,experimental,768,5
drink,7737324,1,drink,769,5
afraid,7681021,1,afraid,770,5
incident,7674294,2,"incident, incidents",771,5
leg,7656636,1,legs,772,5
personality,7645081,1,personality,773,5
till,7643652,1,till,774,5
fellow,7640878,1,fellow,775,5
peak,7611544,1,peak,776,5
cast,7604932,1,cast,777,5
garden,7558249,1,garden,778,5
investigation,7528688,1,investigation,779,5
examine,7511339,1,examine,780,5
crowd,7498199,2,"crowd, crowds",781,5
sky,7458490,1,sky,782,5
item,7431579,1,item,783,5
thick,7423431,1,thick,784,5
assign,7404078,1,assigned,785,5
achievement,7377285,2,"achievement, achievements",786,5
waste,7350025,1,waste,787,5
northern,7347097,1,northern,788,5
suspect,7343497,1,suspected,789,5
normally,7271856,1,normally,790,5
driven,7179813,1,driven,791,5
song,7155630,1,song,792,5
greatly,7110695,1,greatly,793,5
characterize,7084259,1,characterized,794,5
yellow,7043215,1,yellow,795,5
conclude,7036244,1,concluded,796,5
bright,6970967,1,bright,797,5
touch,6963799,1,touched,798,5
settle,6959663,1,settled,799,5
fight,6930258,1,fighting,800,5
forty,6900914,1,forty,801,5
expose,6899661,1,exposed,802,5
slip,6899356,3,"slip, slipped, slipping",803,5
secretary,6886403,1,secretary,804,5
sunday,6862790,1,sunday,805,5
lady,6862097,1,lady,806,5
weather,6846495,1,weather,807,5
alive,6843173,1,alive,808,5
syndrome,6842877,1,syndrome,809,5
journey,6826751,1,journey,810,5
ultimately,6805000,1,ultimately,811,5
expectation,6791104,1,expectations,812,5
proof,6786238,1,proof,813,5
phenomenon,6733400,1,phenomenon,814,5
anger,6714851,1,anger,815,5
conference,6698327,1,conference,816,5
interaction,6686819,1,interactions,817,5
twelve,6676403,1,twelve,818,5
personnel,6648831,1,personnel,819,5
talk,6615885,1,talked,820,5
bought,6604892,1,bought,821,5
dress,6577482,1,dress,822,5
project,6571982,1,project,823,5
cloud,6554700,2,"cloud, clouds",824,5
roll,6554103,2,"rolled, rolling",825,5
silver,6488905,1,silver,826,5
surprise,6442612,1,surprise,827,5
recovery,6416061,1,recovery,828,5
hidden,6412449,1,hidden,829,5
suffer,6386210,1,suffered,830,5
scholar,6373667,1,scholars,831,6
guard,6370100,2,"guard, guarded",832,6
pick,6368929,1,pick,833,6
drew,6347750,1,drew,834,6
accompany,6335492,1,accompanied,835,6
drive,6322359,1,driving,836,6
researcher,6315379,1,researchers,837,6
within,6298400,1,within,838,6
prefer,6241124,1,preferred,839,6
rational,6216696,1,rational,840,6
teeth,6197192,1,teeth,841,6
wonderful,6181671,1,wonderful,842,6
originally,6172483,1,originally,843,6
seriously,6163929,1,seriously,844,6
tear,6156948,1,tears,845,6
wave,6088299,1,waves,846,6
satisfaction,6080985,1,satisfaction,847,6
sudden,6001534,1,sudden,848,6
laugh,5955735,1,laughed,849,6
climate,5928810,1,climate,850,6
emerge,5866040,1,emerged,851,6
miss,5863582,1,missing,852,6
joy,5858259,1,joy,853,6
hole,5831470,1,hole,854,6
sorry,5821062,1,sorry,855,6
surprised,5800179,1,surprised,856,6
participate,5783380,1,participate,857,6
tall,5770858,1,tall,858,6
shoe,5729704,2,"shoe, shoes",859,6
admit,5728725,1,admitted,860,6
spending,5669486,1,spending,861,6
possession,5661689,1,possession,862,6
prominent,5650674,1,prominent,863,6
shock,5647886,1,shock,864,6
owner,5647846,1,owners,865,6
symbol,5637294,1,symbol,866,6
tiny,5635566,1,tiny,867,6
announce,5630117,1,announced,868,6
fifteen,5611227,1,fifteen,869,6
spite,5588003,1,spite,870,6
promise,5574370,1,promised,871,6
snow,5572025,1,snow,872,6
victory,5565155,1,victory,873,6
guy,5546978,1,guy,874,6
hunt,5522510,2,"hunt, hunting",875,6
card,5502348,1,cards,876,6
resident,5484982,1,residents,877,6
dutch,5482640,1,dutch,878,6
sand,5444594,1,sand,879,6
discussion,5430402,1,discussions,880,6
busy,5424151,1,busy,881,6
intense,5410331,1,intense,882,6
darkness,5404942,1,darkness,883,6
gather,5394781,1,gathered,884,6
movie,5394391,1,movie,885,6
bag,5370600,1,bag,886,6
distant,5369442,1,distant,887,6
somewhere,5349297,1,somewhere,888,6
enormous,5284735,1,enormous,889,6
pool,5265222,1,pool,890,6
confirm,5244834,1,confirmed,891,6
tongue,5228274,1,tongue,892,6
reputation,5223356,1,reputation,893,6
florida,5211391,1,florida,894,6
beat,5158229,1,beat,895,6
socalled,5143540,1,socalled,896,6
tire,5141323,1,tired,897,6
confusion,5102421,1,confusion,898,6
finger,5091093,1,finger,899,6
wet,5090834,1,wet,900,6
entrance,5072945,1,entrance,901,6
invite,5067831,1,invited,902,6
solve,5061342,1,solve,903,6
float,5020776,1,floating,904,6
empire,5018515,1,empire,905,6
massive,5003859,1,massive,906,6
wish,4999448,1,wished,907,6
gray,4964758,1,gray,908,6
terrible,4962006,1,terrible,909,6
step,4952899,1,stepped,910,6
burning,4921928,1,burning,911,6
unlike,4911919,1,unlike,912,6
shut,4903290,1,shut,913,6
virus,4900008,1,virus,914,6
comfort,4887104,1,comfort,915,6
sail,4858288,2,"sail, sailed",916,6
base,4848367,1,based,917,6
hide,4834071,2,"hide, hides",918,6
force,4823146,1,force,919,6
reward,4813040,2,"reward, rewarded",920,6
grand,4808581,1,grand,921,6
besides,4804021,1,besides,922,6
pride,4797865,1,pride,923,6
color,4789634,1,colors,924,6
critic,4777049,1,critics,925,6
threaten,4763790,1,threatened,926,6
nearby,4756208,1,nearby,927,6
break,4739864,1,breaking,928,6
dust,4736167,1,dust,929,6
roof,4736012,1,roof,930,6
respond,4723881,1,responded,931,6
burn,4695068,2,"burned, burns",932,6
forgotten,4692028,1,forgotten,933,6
elderly,4691520,1,elderly,934,6
testimony,4681325,1,testimony,935,6
meal,4633730,1,meal,936,6
guilty,4630606,1,guilty,937,6
hung,4583020,1,hung,938,6
everyday,4565185,1,everyday,939,6
ocean,4545633,1,ocean,940,6
memory,4520369,1,memories,941,6
dollar,4512285,1,dollar,942,6
pleased,4509512,1,pleased,943,6
transform,4500110,1,transformed,944,6
approach,4497245,1,approached,945,6
surround,4468786,1,surrounded,946,6
fee,4461757,1,fee,947,6
thesis,4448656,1,thesis,948,6
trace,4431173,1,trace,949,6
extraordinary,4415638,1,extraordinary,950,6
classic,4407368,1,classic,951,6
tight,4398874,1,tight,952,6
bone,4376162,1,bones,953,6
fort,4331192,1,fort,954,6
shadow,4318021,1,shadow,955,6
valley,4303289,1,valley,956,6
proud,4302948,1,proud,957,6
coat,4235100,1,coat,958,6
storm,4226981,1,storm,959,6
send,4191416,1,sending,960,6
encounter,4172025,1,encountered,961,6
loud,4163546,2,"loud, loudest",962,6
calm,4147380,1,calm,963,6
spin,4146704,2,"spin, spinning",964,6
glory,4098901,1,glory,965,6
fraction,4070260,1,fraction,966,6
everybody,4066554,1,everybody,967,6
inquiry,4046605,1,inquiry,968,6
golden,4031891,1,golden,969,6
saturday,4006925,1,saturday,970,6
asset,3996781,1,asset,971,6
blow,3983689,1,blow,972,6
predict,3979644,1,predicted,973,6
mouse,3976368,2,"mouse, mouses",974,6
judge,3974830,1,judges,975,6
investor,3940338,1,investors,976,6
smell,3934490,1,smell,977,6
pale,3929513,1,pale,978,6
flame,3923935,2,"flame, flames",979,6
worried,3879612,1,worried,980,6
classify,3872694,1,classified,981,6
earn,3868494,1,earned,982,6
mobile,3866719,1,mobile,983,6
confuse,3857034,1,confused,984,6
wheel,3834055,1,wheel,985,6
hurry,3812619,2,"hurried, hurry",986,6
seed,3806247,1,seeds,987,6
commerce,3795043,1,commerce,988,6
netherlands,3792211,1,netherlands,989,6
comparable,3778147,1,comparable,990,6
fed,3765916,1,fed,991,6
whisper,3750988,1,whispered,992,6
alien,3739705,2,"alien, aliens",993,6
assure,3714327,1,assured,994,6
belonging,3705244,1,belonging,995,6
excite,3675168,1,excited,996,7
smoking,3671304,1,smoking,997,7
curious,3670543,1,curious,998,7
worn,3644517,1,worn,999,7
shelter,3641797,2,"shelter, sheltered",1000,7
tale,3569661,1,tale,1001,7
oclock,3555398,1,oclock,1002,7
bare,3552320,1,bare,1003,7
lock,3534598,1,locked,1004,7
rejection,3517329,1,rejection,1005,7
shortly,3500842,1,shortly,1006,7
void,3491397,2,"void, voided",1007,7
scatter,3486918,1,scattered,1008,7
rush,3486384,1,rushing,1009,7
stuck,3480952,1,stuck,1010,7
folk,3479440,1,folk,1011,7
constitute,3442050,1,constituted,1012,7
excitement,3427417,1,excitement,1013,7
corn,3418741,1,corn,1014,7
giant,3393047,1,giant,1015,7
allege,3370226,1,alleged,1016,7
sing,3364195,1,sing,1017,7
title,3360521,1,titles,1018,7
contest,3356905,2,"contest, contested",1019,7
brick,3354147,2,"brick, bricks",1020,7
burst,3346798,1,burst,1021,7
mount,3327156,1,mounted,1022,7
fortune,3300609,1,fortune,1023,7
controversy,3293733,1,controversy,1024,7
launch,3287918,1,launched,1025,7
badly,3287455,1,badly,1026,7
tonight,3253734,1,tonight,1027,7
mom,3236831,2,"mom, moms",1028,7
evolve,3236807,1,evolved,1029,7
luck,3228871,1,luck,1030,7
explanation,3209381,1,explanations,1031,7
asleep,3203195,1,asleep,1032,7
recover,3191950,1,recovered,1033,7
bitter,3179269,1,bitter,1034,7
creature,3163415,1,creature,1035,7
steam,3152975,1,steam,1036,7
belong,3143797,1,belonged,1037,7
wing,3132856,1,wings,1038,7
fourth,3129893,1,fourth,1039,7
shame,3127197,1,shame,1040,7
detect,3120683,1,detect,1041,7
elevate,3118209,1,elevated,1042,7
practically,3117106,1,practically,1043,7
wheat,3103616,1,wheat,1044,7
skilled,3094020,1,skilled,1045,7
pink,3093807,1,pink,1046,7
lesser,3073483,1,lesser,1047,7
turkey,3070631,1,turkey,1048,7
upset,3061407,1,upset,1049,7
reliability,3052171,1,reliability,1050,7
terror,3031171,1,terror,1051,7
seemingly,3029921,1,seemingly,1052,7
pitch,3008689,1,pitch,1053,7
powder,3003953,1,powder,1054,7
challenge,3000097,1,challenging,1055,7
publishing,2999148,1,publishing,1056,7
intention,2998233,1,intentions,1057,7
rank,2997609,1,ranks,1058,7
confident,2986290,1,confident,1059,7
talent,2979540,1,talent,1060,7
naked,2966278,1,naked,1061,7
frozen,2924343,1,frozen,1062,7
injured,2922811,1,injured,1063,7
reign,2920841,1,reign,1064,7
pack,2918823,1,pack,1065,7
acre,2916394,1,acres,1066,7
din,2910400,1,dining,1067,7
grows,2907217,1,grows,1068,7
impressive,2893002,1,impressive,1069,7
freedom,2877633,1,freedom,1070,7
peaceful,2870661,1,peaceful,1071,7
stretch,2870453,1,stretched,1072,7
atomic,2858556,1,atomic,1073,7
dramatically,2857005,1,dramatically,1074,7
hungry,2856691,1,hungry,1075,7
bow,2850894,1,bow,1076,7
infect,2850883,1,infected,1077,7
wrap,2842395,1,wrapped,1078,7
organize,2836534,1,organize,1079,7
hat,2815757,2,"hated, hating",1080,7
compression,2811014,1,compression,1081,7
realization,2808285,1,realization,1082,7
tremendous,2801751,1,tremendous,1083,7
grandmother,2772794,1,grandmother,1084,7
bore,2751591,1,bore,1085,7
karl,2749584,1,karl,1086,7
regret,2727183,2,"regret, regretted",1087,7
eighteen,2726135,1,eighteen,1088,7
seize,2716575,1,seized,1089,7
craft,2700090,1,craft,1090,7
controversial,2695317,1,controversial,1091,7
lucky,2678763,1,lucky,1092,7
suspicion,2664602,1,suspicion,1093,7
flew,2656765,1,flew,1094,7
funny,2653472,1,funny,1095,7
handsome,2651402,1,handsome,1096,7
intrinsic,2646700,1,intrinsic,1097,7
merchant,2625721,1,merchants,1098,7
desperate,2624557,1,desperate,1099,7
celebrate,2597875,2,"celebrate, celebrating",1100,7
dawn,2570111,1,dawn,1101,7
bold,2562505,1,bold,1102,7
cultivate,2538067,2,"cultivated, cultivating",1103,7
sixteen,2533345,1,sixteen,1104,7
climbed,2532328,1,climbed,1105,7
popularity,2530366,1,popularity,1106,7
weekend,2489138,1,weekend,1107,7
curtain,2488821,2,"curtain, curtains",1108,7
eighty,2472271,2,"eighties, eighty",1109,7
dirt,2469424,1,dirt,1110,7
swim,2464770,1,swimming,1111,7
nerve,2442763,1,nerves,1112,7
plant,2442760,1,planted,1113,7
lucy,2432399,2,"lucy, lucys",1114,7
nowhere,2429404,1,nowhere,1115,7
behave,2427720,1,behave,1116,7
disappear,2425438,1,disappear,1117,7
frighten,2413075,1,frightened,1118,7
sink,2411471,1,sink,1119,7
spine,2411278,1,spine,1120,7
hiding,2401429,1,hiding,1121,7
bomb,2396866,1,bomb,1122,7
severity,2389980,1,severity,1123,7
maintains,2367582,1,maintains,1124,7
pop,2355356,1,pop,1125,7
exclaim,2353102,1,exclaimed,1126,7
cultivation,2342402,1,cultivation,1127,7
summarize,2331694,1,summarized,1128,7
shake,2330953,1,shake,1129,7
mill,2322536,1,mill,1130,7
sigh,2311062,1,sighed,1131,7
thereafter,2309442,1,thereafter,1132,7
hunger,2292323,1,hunger,1133,7
cigarette,2291328,1,cigarette,1134,7
odds,2284178,1,odds,1135,7
struggle,2265667,1,struggling,1136,7
purchasing,2254914,1,purchasing,1137,7
eventually,2218786,1,eventually,1138,7
lung,2205601,1,lungs,1139,7
swing,2181363,1,swing,1140,7
pity,2180399,1,pity,1141,7
bubble,2168271,1,bubble,1142,7
legend,2154194,1,legend,1143,7
interviewed,2150845,1,interviewed,1144,7
instantly,2145741,1,instantly,1145,7
enforce,2141850,1,enforce,1146,7
countryside,2140605,1,countryside,1147,7
accumulate,2139868,1,accumulated,1148,7
except,2137696,1,except,1149,7
flour,2135831,1,flour,1150,7
concert,2131949,1,concert,1151,7
lonely,2129873,1,lonely,1152,7
fame,2125715,1,fame,1153,7
sixteenth,2124550,1,sixteenth,1154,7
passenger,2075639,1,passenger,1155,7
sheer,2071421,1,sheer,1156,7
purple,2069060,1,purple,1157,7
debt,2062996,1,debts,1158,7
poll,2017069,2,"poll, polls",1159,7
damn,2010010,1,damn,1160,7
prize,1999559,1,prize,1161,7
parliamentary,1989317,1,parliamentary,1162,8
trader,1984543,1,traders,1163,8
ugly,1978872,1,ugly,1164,8
luxury,1972412,1,luxury,1165,8
additionally,1970176,1,additionally,1166,8
forgot,1964672,1,forgot,1167,8
pursue,1954554,1,pursuing,1168,8
publicity,1954005,1,publicity,1169,8
accident,1947982,1,accidents,1170,8
doorway,1916234,1,doorway,1171,8
disc,1903814,1,disc,1172,8
credibility,1901995,1,credibility,1173,8
proclaim,1901252,1,proclaimed,1174,8
chocolate,1891939,1,chocolate,1175,8
arrow,1877184,1,arrows,1176,8
eighth,1871957,1,eighth,1177,8
accounting,1871888,1,accounting,1178,8
clever,1870677,1,clever,1179,8
crash,1865394,1,crash,1180,8
downtown,1857146,1,downtown,1181,8
lap,1856598,1,lap,1182,8
objection,1844270,1,objections,1183,8
lo,1835109,1,lo,1184,8
owe,1830581,1,owed,1185,8
breathe,1829018,1,breathe,1186,8
unfair,1826688,1,unfair,1187,8
economist,1823948,1,economists,1188,8
surveillance,1819934,1,surveillance,1189,8
buyer,1815579,1,buyers,1190,8
misery,1810230,1,misery,1191,8
host,1804151,1,hosts,1192,8
lean,1789890,1,leaning,1193,8
fortunate,1781675,1,fortunate,1194,8
vivid,1761625,1,vivid,1195,8
pant,1736028,1,pants,1196,8
wool,1729913,1,wool,1197,8
contamination,1718540,1,contamination,1198,8
balloon,1714488,2,"balloon, balloons",1199,8
deadly,1695296,1,deadly,1200,8
collapse,1678325,1,collapsed,1201,8
ottoman,1673536,1,ottoman,1202,8
decree,1666986,1,decree,1203,8
kindly,1664380,1,kindly,1204,8
journalist,1655119,1,journalist,1205,8
spectacular,1654557,1,spectacular,1206,8
appeal,1639845,1,appealing,1207,8
vicinity,1638262,1,vicinity,1208,8
transport,1632242,1,transported,1209,8
duck,1625591,2,"duck, ducks",1210,8
admiral,1621441,2,"admiral, admirals",1211,8
yell,1620781,1,yelled,1212,8
blew,1613540,1,blew,1213,8
conspiracy,1611982,1,conspiracy,1214,8
brass,1608799,1,brass,1215,8
tap,1603952,1,tap,1216,8
desperately,1575581,1,desperately,1217,8
grin,1562726,1,grinned,1218,8
vapor,1560865,1,vapor,1219,8
dug,1560602,1,dug,1220,8
pet,1554092,1,pet,1221,8
tempt,1549098,1,tempted,1222,8
repeat,1532001,1,repeating,1223,8
helpless,1526304,1,helpless,1224,8
flock,1524747,2,"flock, flocks",1225,8
eugene,1514603,1,eugene,1226,8
bulb,1506738,2,"bulb, bulbs",1227,8
steal,1503787,1,steal,1228,8
festival,1503065,1,festival,1229,8
bundle,1489577,1,bundle,1230,8
debris,1484718,1,debris,1231,8
damp,1479540,1,damp,1232,8
lower,1478916,1,lowering,1233,8
wipe,1470454,1,wiped,1234,8
altitude,1469111,1,altitude,1235,8
anticipation,1466794,1,anticipation,1236,8
pond,1463397,1,pond,1237,8
earnest,1460895,1,earnest,1238,8
monster,1450114,1,monster,1239,8
sank,1447624,1,sank,1240,8
earthly,1442442,1,earthly,1241,8
tolerate,1437942,1,tolerate,1242,8
unsuccessful,1432650,1,unsuccessful,1243,8
ruin,1413263,1,ruined,1244,8
gamble,1406032,1,gambling,1245,8
ton,1397730,1,ton,1246,8
polished,1396810,1,polished,1247,8
dare,1389752,1,dared,1248,8
range,1386724,1,ranged,1249,8
ninth,1375227,1,ninth,1250,8
burnt,1370914,1,burnt,1251,8
rubbed,1368620,1,rubbed,1252,8
ranch,1363145,1,ranch,1253,8
fog,1361343,1,fog,1254,8
deepest,1323712,1,deepest,1255,8
punish,1322732,1,punish,1256,8
stove,1321112,1,stove,1257,8
whoever,1317362,1,whoever,1258,8
jealous,1313951,1,jealous,1259,8
feather,1311688,1,feathers,1260,8
dig,1306987,1,dig,1261,8
hid,1302076,1,hid,1262,8
technically,1287627,1,technically,1263,8
furious,1285256,1,furious,1264,8
ambassador,1273218,1,ambassador,1265,8
declare,1265755,1,declaring,1266,8
leap,1261601,2,"leaped, leaping",1267,8
jesse,1260434,1,jesse,1268,8
dreadful,1253651,1,dreadful,1269,8
speculative,1248199,1,speculative,1270,8
judging,1244700,1,judging,1271,8
friedman,1242691,1,friedman,1272,8
sprang,1242355,1,sprang,1273,8
shout,1215676,1,shout,1274,8
dance,1212113,1,danced,1275,8
missile,1200122,1,missiles,1276,8
ambition,1197056,1,ambitions,1277,8
nineteen,1192019,1,nineteen,1278,8
rocky,1191306,1,rocky,1279,8
cliff,1153934,1,cliff,1280,8
brush,1150796,1,brushed,1281,8
mist,1148616,1,mist,1282,8
thunder,1122965,1,thunder,1283,8
swallow,1121515,1,swallow,1284,8
spun,1103549,1,spun,1285,8
demon,1100088,1,demons,1286,8
flow,1098833,1,flowed,1287,8
upwards,1097934,1,upwards,1288,8
candy,1070570,1,candy,1289,8
plain,1061092,1,plains,1290,8
discern,1055330,1,discern,1291,8
repetitive,1037607,1,repetitive,1292,8
augustus,1031445,1,augustus,1293,8
facto,1019956,1,facto,1294,8
brightness,1007383,1,brightness,1295,8
discrepancy,992447,1,discrepancy,1296,8
sunny,990671,1,sunny,1297,8
sleeve,990393,1,sleeve,1298,8
fold,981146,1,folding,1299,8
tapped,980527,1,tapped,1300,8
feature,979031,1,featuring,1301,8
eagle,978439,2,"eagle, eagles",1302,8
shone,977222,1,shone,1303,8
involuntary,973945,1,involuntary,1304,8
neurological,964901,1,neurological,1305,8
behold,955504,1,behold,1306,8
jill,948278,1,jill,1307,8
bitch,945530,1,bitch,1308,8
shiny,940068,1,shiny,1309,8
superb,939505,1,superb,1310,8
abusive,930149,1,abusive,1311,8
nickel,929620,1,nickel,1312,8
spread,924662,1,spreads,1313,8
plunge,922053,1,plunged,1314,8
annoyed,919081,1,annoyed,1315,8
impend,918622,1,impending,1316,8
crept,917285,1,crept,1317,8
grind,914801,1,grinding,1318,8
proclamation,914548,1,proclamation,1319,8
marcel,913135,1,marcel,1320,8
bloom,904812,1,bloom,1321,8
pretend,896423,1,pretending,1322,8
shiver,896131,2,"shiver, shivered",1323,8
proponent,893203,1,proponents,1324,8
numerous,889828,1,numerous,1325,8
performer,887847,1,performer,1326,8
synonymous,872420,1,synonymous,1327,8
dubious,868864,1,dubious,1328,9
avail,858069,1,avail,1329,9
penny,857995,1,penny,1330,9
await,856594,1,awaited,1331,9
brightly,855309,1,brightly,1332,9
cheer,850151,2,"cheering, cheers",1333,9
leiden,841040,1,leiden,1334,9
darken,826953,1,darkened,1335,9
remind,819957,1,reminding,1336,9
angrily,807887,1,angrily,1337,9
applause,805276,1,applause,1338,9
exalt,788626,1,exalted,1339,9
sender,782406,1,sender,1340,9
cunning,777409,1,cunning,1341,9
extraordinarily,777329,1,extraordinarily,1342,9
obscure,772931,1,obscured,1343,9
microphone,771874,1,microphone,1344,9
despise,764300,1,despised,1345,9
crashed,751482,1,crashed,1346,9
stanton,747435,1,stanton,1347,9
bradford,737565,1,bradford,1348,9
bald,737288,1,bald,1349,9
merry,725960,1,merry,1350,9
slain,723487,1,slain,1351,9
pill,720689,1,pill,1352,9
fifty,716814,1,fifties,1353,9
beam,708584,1,beaming,1354,9
motionless,706216,1,motionless,1355,9
brighter,705224,1,brighter,1356,9
xray,704943,1,xray,1357,9
prefix,704422,1,prefix,1358,9
sparkle,702011,1,sparkling,1359,9
sinister,695295,1,sinister,1360,9
sings,691024,1,sings,1361,9
seventy,690564,1,seventies,1362,9
rosen,688459,1,rosen,1363,9
elvis,687551,2,"elvis, elviss",1364,9
recount,685976,1,recounted,1365,9
dread,674403,1,dreaded,1366,9
listen,670303,1,listening,1367,9
empty,667879,1,emptied,1368,9
pat,663234,1,patted,1369,9
disagreement,663187,1,disagreements,1370,9
shortcut,655198,1,shortcut,1371,9
bud,653126,1,buds,1372,9
commence,651211,1,commence,1373,9
slate,643177,1,slate,1374,9
ornament,636175,1,ornament,1375,9
intend,628029,1,intending,1376,9
petal,625141,1,petals,1377,9
roast,622675,1,roast,1378,9
creep,620140,1,creeping,1379,9
snack,604773,1,snack,1380,9
goose,594511,1,goose,1381,9
curl,592426,1,curls,1382,9
owl,591057,2,"owl, owls",1383,9
sprung,590246,1,sprung,1384,9
inflate,587352,1,inflated,1385,9
streak,586066,1,streak,1386,9
apron,585076,1,apron,1387,9
motion,584481,1,motioned,1388,9
erase,582347,1,erase,1389,9
peacefully,579294,1,peacefully,1390,9
pouch,579050,1,pouch,1391,9
smooth,578325,1,smoothed,1392,9
hillside,570964,1,hillside,1393,9
puzzle,570021,1,puzzling,1394,9
grower,568212,1,growers,1395,9
meadow,559055,1,meadows,1396,9
tricky,550618,1,tricky,1397,9
attempt,547677,1,attempts,1398,9
physicist,545764,1,physicist,1399,9
corps,543488,1,corpses,1400,9
publicize,537211,1,publicized,1401,9
selfconfidence,529891,1,selfconfidence,1402,9
rag,525215,1,rag,1403,9
fry,521851,1,fry,1404,9
joyous,518199,1,joyous,1405,9
clone,517684,1,clone,1406,9
anytime,511912,1,anytime,1407,9
stately,511561,1,stately,1408,9
propagate,508873,1,propagated,1409,9
province,508113,1,provinces,1410,9
enforceable,503690,1,enforceable,1411,9
carriage,477421,1,carriages,1412,9
clatter,472539,3,"clatter, clattered, clattering",1413,9
cnn,468768,1,cnn,1414,9
pip,464744,1,piping,1415,9
mania,458023,1,mania,1416,9
geese,456207,1,geese,1417,9
orphan,454850,1,orphans,1418,9
hawk,451703,1,hawk,1419,9
bade,451170,1,bade,1420,9
confession,450811,1,confessions,1421,9
rain,450302,1,raining,1422,9
oblivion,450174,1,oblivion,1423,9
strove,448359,1,strove,1424,9
manor,448032,1,manor,1425,9
hearsay,443958,1,hearsay,1426,9
maker,441171,1,maker,1427,9
brook,439768,1,brook,1428,9
buzz,435991,1,buzz,1429,9
envelop,431228,1,enveloped,1430,9
mockery,428089,1,mockery,1431,9
thumb,427623,1,thumbs,1432,9
flemish,424825,1,flemish,1433,9
squirrel,423302,1,squirrel,1434,9
dizzy,421097,1,dizzy,1435,9
yard,419358,1,yard,1436,9
perpetrate,419028,1,perpetrated,1437,9
shrill,416532,1,shrill,1438,9
deviate,415371,1,deviate,1439,9
thirtysix,408617,1,thirtysix,1440,9
glowed,407209,1,glowed,1441,9
saucer,400753,2,"saucer, saucers",1442,9
slipper,399363,1,slippers,1443,9
whirl,399162,1,whirled,1444,9
lain,396508,1,lain,1445,9
botanical,395559,1,botanical,1446,9
barber,394790,1,barber,1447,9
insider,379409,1,insiders,1448,9
ufo,376588,2,"ufo, ufos",1449,9
hop,375893,1,hopping,1450,9
frown,373996,1,frowning,1451,9
fool,371279,1,fooled,1452,9
ace,369113,1,ace,1453,9
hedge,364625,1,hedges,1454,9
ballistic,355028,1,ballistic,1455,9
covet,349403,1,coveted,1456,9
dash,349027,1,dashing,1457,9
rejoice,346775,1,rejoiced,1458,9
bakery,343420,1,bakery,1459,9
shave,338391,1,shaving,1460,9
carcass,335947,1,carcass,1461,9
snail,333225,1,snail,1462,9
smarter,333103,1,smarter,1463,9
boar,331150,2,"boar, boars",1464,9
metaphorically,323731,1,metaphorically,1465,9
panicked,321153,1,panicked,1466,9
leak,320615,1,leaked,1467,9
plausibility,319008,1,plausibility,1468,9
profusion,317960,1,profusion,1469,9
ninety,317770,1,nineties,1470,9
nameless,315375,1,nameless,1471,9
hateful,314340,1,hateful,1472,9
wavy,309794,1,wavy,1473,9
nighttime,309088,1,nighttime,1474,9
samaritan,305307,1,samaritan,1475,9
victor,303467,1,victor,1476,9
popularize,299230,1,popularized,1477,9
roam,298255,1,roamed,1478,9
flap,297204,1,flapping,1479,9
propagation,296329,1,propagation,1480,9
genial,292785,1,genial,1481,9
notoriety,288987,1,notoriety,1482,9
speculator,287862,1,speculators,1483,9
woe,282863,1,woes,1484,9
oversized,280472,1,oversized,1485,9
innocently,279778,1,innocently,1486,9
ferocity,278431,1,ferocity,1487,9
botanist,274558,2,"botanist, botanists",1488,9
craftsman,272784,1,craftsman,1489,9
afford,271571,1,affording,1490,9
mackay,267095,1,mackay,1491,9
tulip,264240,2,"tulip, tulips",1492,9
jacksonville,263906,1,jacksonville,1493,9
thirtyfour,261825,1,thirtyfour,1494,10
hiss,260820,1,hissing,1495,10
presley,256517,1,presley,1496,10
fan,256187,1,fanned,1497,10
sneak,255524,1,sneaking,1498,10
orphanage,253927,1,orphanage,1499,10
savior,252326,1,savior,1500,10
inadmissible,252193,1,inadmissible,1501,10
madness,251550,1,madness,1502,10
thirtyone,246868,1,thirtyone,1503,10
faraway,245945,1,faraway,1504,10
brunt,235149,1,brunt,1505,10
thirtyseven,233364,1,thirtyseven,1506,10
buster,233013,1,buster,1507,10
hurtful,232596,1,hurtful,1508,10
puddle,232136,1,puddle,1509,10
tricked,231363,1,tricked,1510,10
applaud,229603,1,applaud,1511,10
tough,227647,1,tough,1512,10
emperor,226486,1,emperors,1513,10
emanate,225749,1,emanate,1514,10
uprooted,222841,1,uprooted,1515,10
blatantly,218878,1,blatantly,1516,10
fearsome,218485,1,fearsome,1517,10
sparrow,218310,1,sparrow,1518,10
strangest,217542,1,strangest,1519,10
matron,214787,1,matron,1520,10
foam,212383,1,foaming,1521,10
harsher,211491,1,harsher,1522,10
haircut,210866,1,haircut,1523,10
command,207348,1,commanding,1524,10
tourette,203614,1,tourettes,1525,10
patchy,202526,1,patchy,1526,10
steadfastly,201439,1,steadfastly,1527,10
secondhand,201354,1,secondhand,1528,10
robin,200137,1,robin,1529,10
sputter,194678,1,sputtered,1530,10
acquiesce,193970,1,acquiesced,1531,10
tavern,186848,1,taverns,1532,10
lilac,185440,1,lilac,1533,10
hum,184482,1,hummed,1534,10
scurry,184341,1,scurried,1535,10
emaciate,183967,1,emaciated,1536,10
hesitantly,183850,1,hesitantly,1537,10
anthropomorphic,182601,1,anthropomorphic,1538,10
moody,178771,1,moody,1539,10
wildflower,178706,1,wildflowers,1540,10
plummet,177618,1,plummeted,1541,10
skeptic,177372,1,skeptics,1542,10
deflate,176769,1,deflated,1543,10
umbrella,176490,1,umbrellas,1544,10
overturn,170467,1,overturning,1545,10
demonstrably,169759,1,demonstrably,1546,10
beckoning,169582,1,beckoning,1547,10
lonesome,163844,1,lonesome,1548,10
properly,159761,1,properly,1549,10
dummy,156887,1,dummies,1550,10
conjecture,154349,1,conjectured,1551,10
crest,154346,1,crest,1552,10
superlative,153725,1,superlative,1553,10
fortyone,152603,1,fortyone,1554,10
fortyseven,152521,1,fortyseven,1555,10
lark,150710,1,lark,1556,10
mountainside,150221,1,mountainside,1557,10
unwillingly,146941,1,unwillingly,1558,10
teapot,143052,1,teapot,1559,10
tusk,141882,1,tusks,1560,10
prefixed,141564,1,prefixed,1561,10
unassuming,139149,1,unassuming,1562,10
ambush,138658,1,ambushed,1563,10
cuckoo,135934,1,cuckoo,1564,10
roswell,132501,1,roswell,1565,10
dank,131695,1,dank,1566,10
savory,129660,1,savory,1567,10
underbrush,129607,1,underbrush,1568,10
lanky,127017,1,lanky,1569,10
multicolored,126337,1,multicolored,1570,10
coverup,125636,1,coverup,1571,10
guile,119870,1,guile,1572,10
raindrop,119580,1,raindrops,1573,10
scratch,118245,1,scratch,1574,10
moor,116892,1,moors,1575,10
patter,116775,1,patter,1576,10
squeak,116770,1,squeaked,1577,10
outwit,116187,2,"outwit, outwitted",1578,10
peeped,115964,1,peeped,1579,10
giraffe,115040,1,giraffe,1580,10
latch,113327,1,latched,1581,10
shin,111445,1,shined,1582,10
spark,109172,1,sparking,1583,10
snowflake,107810,1,snowflakes,1584,10
stubby,107470,1,stubby,1585,10
chirp,104585,1,chirping,1586,10
beaver,102268,1,beavers,1587,10
fume,101601,1,fuming,1588,10
sullenly,99652,1,sullenly,1589,10
huntsman,97865,3,"huntsman, huntsmans, huntsmen",1590,10
soughtafter,96266,1,soughtafter,1591,10
agustin,95773,1,agustin,1592,10
aqua,93816,2,"aqua, aquas",1593,10
mogul,92922,1,mogul,1594,10
wearisome,92378,1,wearisome,1595,10
ninetyfive,90506,1,ninetyfive,1596,10
reprint,86198,1,reprinting,1597,10
exhaust,84246,1,exhausted,1598,10
bide,79091,1,bide,1599,10
bugging,78853,1,bugging,1600,10
highaltitude,78769,1,highaltitude,1601,10
barbershop,76561,1,barbershop,1602,10
irrationally,75659,1,irrationally,1603,10
hovel,73520,1,hovel,1604,10
ruffle,73134,1,ruffles,1605,10
seventyeight,71929,1,seventyeight,1606,10
hyacinth,70512,1,hyacinth,1607,10
dubiously,68711,1,dubiously,1608,10
ravage,68248,1,ravaging,1609,10
encouragingly,68162,1,encouragingly,1610,10
fashionably,62603,1,fashionably,1611,10
whiz,60669,1,whizzing,1612,10
birch,59919,1,birches,1613,10
delusion,57729,1,delusions,1614,10
semper,54537,1,semper,1615,10
deathbed,54187,1,deathbed,1616,10
chicanery,52872,1,chicanery,1617,10
sunbeam,51352,1,sunbeams,1618,10
hideandseek,49865,1,hideandseek,1619,10
loquacious,49783,1,loquacious,1620,10
spatter,46990,1,spatter,1621,10
shrilly,45559,1,shrilly,1622,10
ninetythree,45012,1,ninetythree,1623,10
noontime,43965,1,noontime,1624,10
dejectedly,43180,1,dejectedly,1625,10
beast,42999,1,beasts,1626,10
wallowed,41412,1,wallowed,1627,10
clack,38495,1,clacking,1628,10
ninetyseven,37013,1,ninetyseven,1629,10
joseph,34246,1,josephs,1630,10
quickwitted,34006,1,quickwitted,1631,10
hoax,33648,1,hoaxes,1632,10
coot,32122,1,coot,1633,10
bluebird,31738,1,bluebird,1634,10
daylight,26738,1,daylights,1635,10
counterargument,26349,1,counterargument,1636,10
despondently,23973,1,despondently,1637,10
wasnt,15985,1,wasnt,1638,10
madefortv,15306,1,madefortv,1639,10
mackays,12784,1,mackays,1640,10
havent,12522,1,havent,1641,10
extraterrestrial,11044,1,extraterrestrial,1642,10
unembellished,9697,1,unembellished,1643,10
passersby,7977,1,passersby,1644,10
gelid,5523,1,gelid,1645,10
bleeped,5476,1,bleeped,1646,10
resell,4864,1,resell,1647,10
jenny,4296,1,jennies,1648,10
longbearded,3517,1,longbearded,1649,10
hasten,2541,1,hastened,1650,10
ufologists,1746,1,ufologists,1651,10
pflock,1263,1,pflock,1652,10
candlelike,776,1,candlelike,1653,10
proufo,220,1,proufo,1654,10
onecolored,216,1,onecolored,1655,10
seventwelve,188,1,seventwelve,1656,10
marshmallowlike,150,1,marshmallowlike,1657,10
violetten,75,1,violetten,1658,10
gonna,74,1,gonna,1659,10
